{"cameraMode":{"drawMode":0,"name":"Shaded","section":"Shading Mode"},"sceneLighting":false,"audioPlay":false,"sceneViewState":{"m_AlwaysRefresh":false,"showFog":false,"showSkybox":false,"showFlares":false,"showImageEffects":false,"showParticleSystems":false,"showVisualEffectGraphs":true,"m_FxEnabled":true},"in2DMode":false,"pivot":{"x":0.0036668777465820314,"y":0.9308476448059082,"z":-0.02362889051437378},"rotation":{"x":0.0029497873038053514,"y":0.9867104887962341,"z":-0.16157415509223939,"w":0.018062708899378778},"size":1.5117316246032715,"orthographic":false}