{"cameraMode":{"drawMode":0,"name":"Shaded","section":"Shading Mode"},"sceneLighting":false,"audioPlay":false,"sceneViewState":{"m_AlwaysRefresh":false,"showFog":true,"showSkybox":false,"showFlares":true,"showImageEffects":true,"showParticleSystems":true,"showVisualEffectGraphs":true,"m_FxEnabled":true},"in2DMode":false,"pivot":{"x":379.14874267578127,"y":-189.69390869140626,"z":-629.9860229492188},"rotation":{"x":-0.2789948284626007,"y":0.03308812528848648,"z":0.009539038874208928,"w":0.959818959236145},"size":2.0660252571105959,"orthographic":false}