{"cameraMode":{"drawMode":0,"name":"Shaded","section":"Shading Mode"},"sceneLighting":false,"audioPlay":false,"sceneViewState":{"m_AlwaysRefresh":false,"showFog":false,"showSkybox":false,"showFlares":false,"showImageEffects":false,"showParticleSystems":false,"showVisualEffectGraphs":true,"m_FxEnabled":true},"in2DMode":false,"pivot":{"x":0.10081551969051361,"y":1.1882634162902833,"z":0.11809372901916504},"rotation":{"x":0.005832077004015446,"y":0.990652859210968,"z":-0.12882016599178315,"w":0.04491095244884491},"size":1.1174654960632325,"orthographic":false}