{"cameraMode":{"drawMode":0,"name":"Shaded","section":"Shading Mode"},"sceneLighting":false,"audioPlay":false,"sceneViewState":{"m_AlwaysRefresh":false,"showFog":true,"showSkybox":false,"showFlares":true,"showImageEffects":true,"showParticleSystems":true,"showVisualEffectGraphs":true,"m_FxEnabled":true},"in2DMode":false,"pivot":{"x":-0.5995745658874512,"y":0.45423173904418948,"z":0.024672985076904298},"rotation":{"x":0.00342164421454072,"y":0.9902257323265076,"z":-0.13753463327884675,"w":0.02466473914682865},"size":12.12435531616211,"orthographic":false}